name,gutendex_query,corpus,original_language,era,batch,source_family,source_unit,min_independent_sources,notes,verified_independent_works,gutenberg_ids,titles,eligible
Arnold Bennett,Bennett Arnold,literary,en,19c_20c,gutenberg_targeted_2026_07,Project Gutenberg,work,3,original English prose,52,2813|2274|23347|22437|20600|12794|5247|55116|58075|40483|12995|12654|17176|12673|14487|21249|12811|15717|40343|13293|11360|8405|10658|35505|4734|13852|66661|40168|10911|11641|12743|12779|52247|55113|13449|15063|12687|13894|40103|64933|12611|55114|13723|55115|14653|12773|58666|15712|50331|63580|29860|75928,"The Grand Babylon Hôtel | How to Live on 24 Hours a Day | Mental Efficiency, and Other Hints to Men and Women | The Price of Love | The Card, a Story of Adventure in the Five Towns | Judith, a Play in Three Acts; Founded on the Apocryphal Book of Judith | The Old Wives' Tale | Paris Nights, and Other Impressions of Places and People | Index of the Project Gutenberg Works of Arnold Bennett | These Twain | The Matador of the Five Towns and Other Stories | The Roll-Call | The Ghost: A Modern Fantasy | The Pretty Lady | The Lion's Share | Clayhanger | The Human Machine | Books and Persons; Being Comments on a Past Epoch, 1908-1911 | Lilian | Tales of the Five Towns | Sacred and Profane Love: A Novel in Three Episodes | Journalism for Women: A Practical Guide | Hilda Lessways | Anna of the Five Towns | The Grim Smile of the Five Towns | Literary Taste: How to Form It: With Detailed Instructions for Collecting a Complete Library of English Literature | The Truth About an Author | The Old Adam: A Story of Adventure | Buried Alive: A Tale of These Days | Over There: War Scenes on the Western Front | The Author's Craft | Helen with the High Hand (2nd ed.) | A Man from the North | From the Log of the Velsa | The Plain Man and His Wife | Your United States: Impressions of a first visit | The Title: A Comedy in Three Acts | The Great Adventure: A Play of Fancy in Four Acts | Denry the Audacious | The Arnold Bennett Calendar | The Regent | Teresa of Watling Street: A Fantasia on Modern Themes | Leonora | The City of Pleasure : $b a fantasia on modern themes | The Feast of St. Friend | Mr. Prohack | Riceyman Steps: A Novel | Hugo: A Fantasia on Modern Themes | The Honeymoon: A comedy in three acts | The Loot of Cities: Being the Adventures of a Millionaire in Search of Joy (a Fantasia); and Other Stories | A Great Man: A Frolic | Self and self-management : $b Essays about existing",true
R. D. Blackmore,Blackmore,literary,en,19c,gutenberg_targeted_2026_07,Project Gutenberg,work,3,original English prose,23,17460|22474|41022|7435|49075|7112|46156|6824|47086|42529|46467|43281|22315|45038|49520|22318|22317|58162|47084|47085|13484|51497|22316,"Lorna Doone: A Romance of Exmoor | Fringilla: Some Tales In Verse | Clara Vaughan, Volume 3 (of 3) | Springhaven: A Tale of the Great War | Alice Lorraine: A Tale of the South Downs | Erema; Or, My Father's Sin | The Maid of Sker | Mary Anerley: A Yorkshire Tale | Cradock Nowell: A Tale of the New Forest. Vol. 3 (of 3) | Dariel: A Romance of Surrey | The Remarkable History of Sir Thomas Upmore, bart., M.P., formerly known as ""Tommy Upmore"" | Cripps, the Carrier: A Woodland Tale | Slain By The Doones | Perlycross: A Tale of the Western Hills | Kit and Kitty: A Story of West Middlesex | Crocker's Hole: From ""Slain By The Doones"" By R. D. Blackmore | George Bowring - A Tale Of Cader Idris: From ""Slain By The Doones"" By R. D. Blackmore | Index of the Project Gutenberg Works of R. D. Blackmore | Cradock Nowell: A Tale of the New Forest. Vol. 1 (of 3) | Cradock Nowell: A Tale of the New Forest. Vol. 2 (of 3) | Essay upon Wit | Tales from the Telling-House | Frida; or, the lover's leap: a legend of the West Country: From ""Slain by the Doones"" by R. D. Blackmore",true
Samuel Butler,Butler Samuel,literary,en,19c_20c,gutenberg_targeted_2026_07,Project Gutenberg,work,3,original English prose,21,23427|6173|1906|49324|2084|2576|6605|4937|6138|12651|17124|4967|2513|3461|6092|3279|4073|3235|1971|3278|19610,"Evolution, Old & New: Or, the Theories of Buffon, Dr. Erasmus Darwin and Lamarck,; as compared with that of Charles Darwin | The Note-Books of Samuel Butler | Erewhon; Or, Over the Range | The Authoress of the Odyssey: Where and when she wrote, who she was, the use she made of the Iliad, and how the poem grew under her hands | The Way of All Flesh | Alps and Sanctuaries of Piedmont and the Canton Ticino | Unconscious Memory | Hudibras, in Three Parts, Written in the Time of the Late Wars | Life and Habit | The Humour of Homer and Other Essays | Atlas of ancient & classical geography | Luck, or Cunning, as the Main Means of Organic Modification | God the Known and God the Unknown | Essays on Life, Art and Science | The Fair Haven | Canterbury Pieces | Ex Voto: An Account of the Sacro Monte or New Jerusalem at Varallo-Sesia: With Some Notice of Tabachetti's Remaining Work at the Sanctuary of Crea | A First Year in Canterbury Settlement | Erewhon Revisited Twenty Years Later, Both by the Original Discoverer of the Country and by His Son | Cambridge Pieces | Selections from Previous Works: With Remarks on Romanes' Mental Evolution in Animals, and a Psalm of Montreal",true
George Gissing,Gissing,literary,en,19c,gutenberg_targeted_2026_07,Project Gutenberg,work,3,original English prose,24,1709|4313|1463|4526|4301|4307|4309|4302|4305|4306|4299|11603|4354|4311|54432|4303|54431|4304|4312|4541|4310|4297|4298|4308,"New Grub Street | The Odd Women | The Private Papers of Henry Ryecroft | Born in Exile | The Nether World | In the Year of Jubilee | Demos | Thyrza | The Unclassed | Veranilda | The Whirlpool | The House of Cobwebs and Other Stories | By the Ionian Sea: Notes of a Ramble in Southern Italy | The Emancipated | Isabel Clarendon, Vol. 2 (of 2) | Denzil Quarrier | Isabel Clarendon, Vol. 1 (of 2) | Our Friend the Charlatan | A Life's Morning | The Crown of Life | Will Warburton | Eve's Ransom | The Paying Guest | The Town Traveller",true
George Meredith,Meredith George,literary,en,19c,gutenberg_targeted_2026_07,Project Gutenberg,work,3,original English prose,47,4499|4488|4405|4500|4460|1684|1219|4420|4476|4434|4443|4470|1382|4452|4482|4464|4412|7550|4426|34858|4491|1042|63672|4402|4495|4406|28823|4424|4465|4447|4904|4441|4429|4463|4496|4494|4453|4489|4419|4472|4487|4492|4493|4497|4498|47225|4477,"Complete Short Works of George Meredith | The Amazing Marriage — Complete | The Shaving of Shagpat; an Arabian entertainment — Complete | Complete Project Gutenberg Works of George Meredith | Beauchamp's Career — Complete | The Egoist: A Comedy in Narrative | An Essay on Comedy and the Uses of the Comic Spirit | Sandra Belloni (originally Emilia in England) — Complete | One of Our Conquerors — Complete | Evan Harrington — Complete | Vittoria — Complete | Diana of the Crossways — Complete | Poems — Volume 2 | The Adventures of Harry Richmond — Complete | Lord Ormont and His Aminta — Complete | The Tragic Comedians: A Study in a Well-known Story — Complete | The Ordeal of Richard Feverel — Complete | Quotes and Images From The Works of George Meredith | Rhoda Fleming — Complete | The Ordeal of Richard Feverel: A History of a Father and Son | Celt and Saxon — Complete | A Reading of Life, with Other Poems | Poems and Lyrics of the Joy of Earth | The Shaving of Shagpat; an Arabian entertainment — Volume 2 | The House on the Beach: A Realistic Tale | The Ordeal of Richard Feverel — Volume 1 | The Works of George Meredith: A Linked Index to the Project Gutenberg Editions | Rhoda Fleming — Volume 4 | Diana of the Crossways — Volume 1 | The Adventures of Harry Richmond — Volume 4 | Quotations from the Project Gutenberg Editions of the Collected Works of George Meredith | Vittoria — Volume 7 | Evan Harrington — Volume 3 | The Tragic Comedians: A Study in a Well-known Story — Volume 3 | The Gentleman of Fifty and The Damsel of Nineteen (An early uncompleted fragment) | The Tale of Chloe: An Episode in the History of Beau Beamish | Beauchamp's Career — Volume 1 | Celt and Saxon — Volume 1 | Sandra Belloni — Volume 7 | One of Our Conquerors — Volume 2 | The Amazing Marriage — Volume 5 | Farina | The Case of General Ople and Lady Camper | The Sentimentalists | Miscellaneous Prose | Ballads and Poems of Tragic Life | Lord Ormont and His Aminta — Volume 1",true
Charles Reade,Reade Charles,literary,en,19c,gutenberg_targeted_2026_07,Project Gutenberg,work,3,original English prose,14,7895|2497|3067|1366|4606|2301|38895|4607|2472|3669|57685|3671|3670|12470,"A Terrible Temptation: A Story of To-Day | Put Yourself in His Place | Hard Cash | The Cloister and the Hearth | It Is Never Too Late to Mend | A Simpleton | The Cloister and the Hearth: A Tale of the Middle Ages | Love Me Little, Love Me Long | White Lies | A Woman-Hater | Griffith Gaunt; or, Jealousy: Volumes 1 to 3 (of 3) | Christie Johnstone: A Novel | Peg Woffington | A Perilous Secret",true
Margaret Oliphant,Oliphant,literary,en,19c,gutenberg_targeted_2026_07,Project Gutenberg,work,3,original English prose,143,25701|28006|50026|59918|2553|10052|55122|41286|61378|28629|66376|47306|43084|51265|65458|36277|64540|32642|65226|55125|64888|61782|16226|58323|65631|53744|74930|54053|63901|65934|63158|65935|59211|64778|65153|65330|30692|51617|52615|11521|10050|63302|48199|65328|52388|40135|63582|49597|10049|45816|43404|45818|54106|42044|30835|53644|52575|52756|54108|64777|61916|45817|55140|61444|55166|61482|71466|65227|65329|54882|61954|62466|53182|55155|60018|74734|62465|63562|61443|54841|52060|65633|55827|63902|53645|42013|59424|42045|53583|58707|43811|63903|15410|57988|59759|61915|63142|47555|47591|61445|44080|61442|55270|29890|58253|71919|72221|47592|64779|17120|55868|10051|54510|62464|73086|55121|51816|55784|72777|47557|71671|47556|54937|59721|58320|58710|47619|59326|61914|78381|47618|58446|29891|58322|47620|72715|58462|58321|59720|59055|47593|58470|58459,"Royal Edinburgh: Her Saints, Kings, Prophets and Poets | The Perpetual Curate | Haifa; or, Life in modern Palestine | The Story of a Governess | Jeanne D'Arc: Her Life And Death | The Open Door, and the Portrait.: Stories of the Seen and the Unseen. | The Athelings; or, the Three Gifts. Complete | Miss Marjoribanks | Joyce | Phoebe, Junior | Young Musgrave | Tobias Smollett | A Widow's Tale, and Other Stories | The Last of the Mortimers: A Story in Two Voices | The Primrose Path: A Chapter in the Annals of the Kingdom of Fife | Piccadilly: A Fragment of Contemporary Biography | The Greatest Heiress in England | Allan Ramsay | John, A Love Story; vol. 1 of 2 | Madam: A Novel | In Trust: The Story of a Lady and Her Lover | A Poor Gentleman | A Journey to Katmandu (the Capital of Napaul), with the Camp of Jung Bahadoor: Including a Sketch of the Nepaulese Ambassador at Home | The Three Brothers; Complete | May; vol. I | Sir Robert's Fortune: A Novel | Memoirs and resolutions of Adam Graeme of Mossgray, including some chronicles of the borough of Fendie | The Laird of Norlaw; A Scottish Story | The Duke's Daughter; and, The Fugitives; vol. 1/3 | For love and life; vol. 1 of 2 | Harry Joscelyn; vol. 2 of 3 | For love and life; vol. 2 of 2 | The Marriage of Elinor | He that will not when he may; vol. II | Within the Precincts | Mrs. Arthur; vol. 3 of 3 | Sir Tom | The Sorceress; v. 1 of 3 | The Two Marys | A Beleaguered City: Being a Narrative of Certain Recent Events in the City of Semur, in the Department of the Haute Bourgogne. A Story of the Seen and the Unseen | A Little Pilgrim: Stories of the Seen and the Unseen | Cousin Mary | Hester: A Story of Contemporary Life, Volume 3 (of 3) | Mrs. Arthur; vol. 1 of 3 | Whiteladies | The Makers of Modern Rome, in Four Books | Oliver's Bride; A true Story | It was a Lover and His Lass | Old Lady Mary: A Story of the Seen and the Unseen | The House on the Moor, v. 1/3 | The Days of My Life: An Autobiography | The House on the Moor, v. 3/3 | Neighbours on the Green | Salem Chapel, v. 2/2 | A Country Gentleman and His Family | Historical Characters in the Reign of Queen Anne | The Cuckoo in the Nest, v. 1/2 | The Cuckoo in the Nest, v. 2/2 | Squire Arden; volume 1 of 3 | He that will not when he may; vol. I | Effie Ogilvie: the story of a young life (Complete) | The House on the Moor, v. 2/3 | A House in Bloomsbury | A House Divided Against Itself; vol. 3 of 3 | The Unjust Steward; or, The Minister's Debt | The Mystery of Mrs. Blencarrow | Queer questions and ready replies : $b A collection of four hundred questions in history, geography, biography, mythology, philosophy, natural history, science, philology, etc., etc., with their answers | John, A Love Story; vol. 2 of 2 | Mrs. Arthur; vol. 2 of 3 | A Rose in June | The Lady's Walk | The Prodigals and Their Inheritance; Complete | The Sorceress, v. 3 of 3 | Old Mr. Tredgold | The Son of His Father; vol. 3/3 | Caleb Field : $b A tale of the Puritans | The Prodigals and Their Inheritance; vol. 2 | Harry Joscelyn; vol. 3 of 3 | A House Divided Against Itself; vol. 2 of 3 | Brownlows: A Novel | The Sorceress (complete) | May; vol. II | Who Was Lost and Is Found: A Novel | The Duke's Daughter; and, The Fugitives; vol. 2/3 | Heart and Cross | Salem Chapel, v. 1/2 | The Railway Man and His Children | The Curate in Charge | Ombra | Kirsteen: The Story of a Scotch Family Seventy Years Ago | Merkland; or, Self Sacrifice | The Duke's Daughter; and, The Fugitives; vol. 3/3 | A Little Pilgrim in the Unseen | A Son of the Soil | The Executor: Blackwood's Edinburgh Magazine vol. LXXXIX | Effie Ogilvie: the story of a young life; vol. 2 | Harry Joscelyn; vol. 1 of 3 | The Wizard's Son, Vol. 1 (of 3) | The Ladies Lindores, Vol. 1 (of 3) | A House Divided Against Itself (Complete) | Madonna Mary | A House Divided Against Itself; vol. 1 of 3 | The Ways of Life: Two Stories | The Doctor's Family | The Minister's Wife | Christian Melville | Carità | The Ladies Lindores, Vol. 2 (of 3) | He that will not when he may; vol. III | Fashionable Philosophy, and Other Sketches | Lady William | The Little Pilgrim: Further Experiences.: Stories of the Seen and the Unseen. | The Athelings; or, the Three Gifts. Vol. 1/3 | The Prodigals and Their Inheritance; vol. 1 | Harry Muir : $b A story of Scottish life, vol. 3 (of 3) | The Athelings; or, the Three Gifts. Vol. 3/3 | The Sorceress, v. 2 of 3 | Two Strangers | Harry Muir : $b A story of Scottish life, vol. 2 (of 3) | The Wizard's Son, Vol. 3 (of 3) | Innocent : $b a tale of modern life | The Wizard's Son, Vol. 2 (of 3) | The Athelings; or, the Three Gifts. Vol. 2/3 | The Son of His Father; vol. 2/3 | The Three Brothers; vol. 1/3 | The Land of Darkness: Along with Some Further Chapters in the Experiences of the Little Pilgrim | At His Gates: A Novel. Vol. 2 (of 3) | The Quiet Heart | Effie Ogilvie: the story of a young life; vol. 1 | An odd couple | At His Gates: A Novel. Vol. 1 (of 3) | Sons and Daughters | The Rector | The Three Brothers; vol. 3/3 | At His Gates: A Novel. Vol. 3 (of 3) | Harry Muir : $b A story of Scottish life, vol. 1 (of 3) | The Story of Valentine and His Brother | The Three Brothers; vol. 2/3 | The Son of His Father; vol. 1/3 | The Heir Presumptive and the Heir Apparent | The Ladies Lindores, Vol. 3 (of 3) | Diana Trelawny | Lady Car: The Sequel of a Life",true
Marie Corelli,Corelli,literary,en,19c_20c,gutenberg_targeted_2026_07,Project Gutenberg,work,3,original English prose,25,3823|42332|4360|4394|6921|5114|4285|68771|3831|18449|53097|66079|66320|5079|4251|63621|63446|5165|4653|61716|67113|59780|69023|69600|64152,"Thelma | The Sorrows of Satan: or, The Strange Experience of One Geoffrey Tempest, Millionaire: A Romance | Vendetta: A Story of One Forgotten | A Romance of Two Worlds: A Novel | Temporal Power: A Study in Supremacy | Ardath: The Story of a Dead Self | The Master-Christian | The soul of Lilith | The Secret Power | The Treasure of Heaven: A Romance of Riches | The Murder of Delicia | Free Opinions, Freely Expressed on Certain Phases of Modern Social Life and Conduct | The Young Diana: An Experiment of the Future | Ziska: The Problem of a Wicked Soul | The Life Everlasting: A Reality of Romance | My ""Little Bit"" | The Silver Domino; Or, Side Whispers, Social and Literary | Innocent : her fancy and his fact | God's Good Man: A Simple Love Story | The Devil's Motor: A Fantasy | Boy: A Sketch | Love,—and the Philosopher: A Study in Sentiment | The passing of the great Queen: A tribute to the noble life of Victoria Regina | A Christmas greeting | The Strange Visitation",true
Elizabeth von Arnim,Arnim,literary,en,19c_20c,gutenberg_targeted_2026_07,Project Gutenberg,work,3,original English prose,16,16389|1327|36295|33762|14646|5991|35072|13141|34366|30302|35282|73308|72356|59307|72979|12683,The Enchanted April | Elizabeth and Her German Garden | The Pastor's Wife | The Adventures of Elizabeth in Rügen | Christopher and Columbus | The Solitary Summer | In the Mountains | The Princess Priscilla's Fortnight | Vera | The Benefactress | Fräulein Schmidt and Mr. Anstruther | Love | The caravaners | The April Baby's Book of Tunes: with the story of how they came to be written | Introduction to Sally | Christine,true
H. Rider Haggard,Haggard,literary,en,19c_20c,gutenberg_targeted_2026_07,Project Gutenberg,work,3,original English prose,67,22454|2166|21440|3155|5228|2722|58163|5174|5745|1724|1848|2721|2769|1207|1711|1368|5175|1690|3096|10892|6769|6051|2857|3094|2727|2842|2856|3153|6073|2762|3097|5746|8184|8667|11913|2841|5898|2764|4074|5754|2713|11882|2602|2761|2729|2893|66095|13434|3813|2855|3709|65998|66528|59422|2730|2728|9780|5764|72182|44649|64840|64267|64875|66915|72906|76643|64473,"Heart of the World | King Solomon's Mines | Allan Quatermain | She | Ayesha, the Return of She | Morning Star | Index of the Project Gutenberg Works of Henry Rider Haggard | Allan and the Holy Flower | She and Allan | Finished | Montezuma's Daughter | Eric Brighteyes | Cleopatra | Nada the Lily | Child of Storm | When the World Shook: Being an Account of the Great Adventure of Bastin, Bickley and Arbuthnot | Pearl-Maiden: A Tale of the Fall of Jerusalem | Marie: An Episode in the Life of the Late Allan Quatermain | Beatrice | Dawn | The People of the Mist | Stella Fregelius: A Tale of Three Destinies | A Yellow God: An Idol of Africa | Red Eve | Allan's Wife | Black Heart and White Heart: A Zulu Idyll | Moon of Israel: A Tale of the Exodus | The Virgin of the Sun | Smith and the Pharaohs, and other Tales | The Brethren | The Wanderer's Necklace | The Ancient Allan | The Ghost Kings | Cetywayo and his White Neighbours: Remarks on Recent Events in Zululand, Natal, and the Transvaal | Mr. Meeson's Will | The Ivory Child | Jess | The Mahatma and the Hare: A Dream Story | Swallow: A Tale of the Great Trek | Lysbeth, a Tale of the Dutch | Maiwa's Revenge; Or, The War of the Little Hand | Colonel Quaritch, V.C.: A Tale of Country Life | Queen Sheba's Ring | Benita, an African romance | A Tale of Three Lions | The Wizard | Queen of the Dawn: A Love Tale of Old Egypt | Regeneration: Being an Account of the Social Work of The Salvation Army in Great Britain | The Lady of Blossholme | Elissa; Or, The Doom of Zimbabwe | Love Eternal | The Witch's Head | Joan Haste | Wisdom's Daughter: The Life and Love Story of She-Who-Must-be-Obeyed | Long Odds | Hunter Quatermain's Story | Fair Margaret | Doctor Therne | Hannibal's daughter | The Last Boer War | Healing Rays in Space | Girl of the Silver Sphere | Derelicts of Uranus | The Spring of a Lion | The way of the spirit | Heu-Heu, or The monster | Task of Tau",true
Joseph Sheridan Le Fanu,Le Fanu,literary,en,19c,gutenberg_targeted_2026_07,Project Gutenberg,work,3,original English prose,25,10007|14851|17769|511|11635|40126|37172|38460|11699|68569|9502|9983|11610|11750|40510|37174|75028|37173|34662|25584|41229|10377|35468|12828|41228,"Carmilla | Uncle Silas: A Tale of Bartram-Haugh | The House by the Church-Yard | The Purcell Papers — Volume 3 | Green Tea;  Mr. Justice Harbottle | The Cock and Anchor | In a Glass Darkly, v. 1/3 | Checkmate | J. S. Le Fanu's Ghostly Tales, Volume 1 | The Wyvern mystery | The Room in the Dragon Volant | Wylder's Hand | Madam Crowl's Ghost and the Dead Sexton | J. S. Le Fanu's Ghostly Tales, Volume 3: The Haunted Baronet (1871) | The Watcher, and other weird stories | In a Glass Darkly, v. 3/3 | All in the dark | In a Glass Darkly, v. 2/3 | Willing to Die: A Novel | The Purcell Papers: Index and Contents of the Three Volumes | Guy Deverell, v. 2 of 2 | The Evil Guest | The Tenants of Malory, Volume 2 | Two Ghostly Mysteries: A Chapter in the History of a Tyrone Family; and the Murdered Cousin | Guy Deverell, v. 1 of 2",true
Jerome K. Jerome,Jerome,literary,en,19c_20c,gutenberg_targeted_2026_07,Project Gutenberg,work,3,original English prose,62,308|849|26466|2183|1334|1915|64936|868|867|866|2024|865|2037|858|14003|3140|52997|856|857|855|2368|869|2023|2437|870|1993|2353|12380|2231|2525|2234|48475|12694|30579|68447|66465|30248|32360|47774|71039|42361|54698|2195|58206|2356|66393|17943|33850|58974|63930|2829|64632|64672|32365|31778|58743|30715|63971|29750|53034|47536|59470,"Three men in a boat (to say nothing of the dog) | The Idle Thoughts of an Idle Fellow | Idle Thoughts of an Idle Fellow | Three men on the bummel | Paul Kelver | The Second Thoughts of an Idle Fellow | Cubists and Post-Impressionism | The Philosopher's Joke | Mrs. Korner Sins Her Mercies | The Cost of Kindness | Diary of a Pilgrimage | Passing of the Third Floor Back | Novel Notes | Stage-Land | Disputed Handwriting: An exhaustive, valuable, and comprehensive work upon one of the most important subjects of to-day. With illustrations and expositions for the detection and study of forgery by handwriting of all kinds | Idle Ideas in 1905 | Frijoles: A Hidden Valley in the New World | Dreams | Evergreens | Clocks | The Angel and the Author, and Others | The Soul of Nicholas Snyders; Or, The Miser of Zandam | Malvina of Brittany | They and I | The Love of Ulrich Nebendahl | Told After Supper | Tea-Table Talk | Two Thousand Miles on an Automobile: Being a Desultory Narrative of a Trip Through New England, New York, Canada, and the West, By ""Chauffeur"" | All Roads Lead to Calvary | John Ingerfield, and Other Stories | Sketches in Lavender, Blue and Green | On the Stage--and Off: The Brief Career of a Would-Be Actor | History of the American Clock Business for the Past Sixty Years, and Life of Chauncey Jerome: Barnum's Connection with the Yankee Clock Business | The Shepherd Of My Soul | Recollections and impressions of James A. McNeill Whistler | Anthony John | Crayon portraiture : $b Complete instructions for making crayon portraits on crayon paper and on platinum, silver and bromide enlargements | The Holes Around Mars | The Observations of Henry: Illustrated | The illustrated story of evolution | The Mystic Mid-Region: The Deserts of the Southwest | Woodbarrow Farm: Play in Three Acts | The Master of Mrs. Chilvers: An Improbable Comedy | From Ocean to Ocean: Across a Continent on a Bicycle: An Account of a Solitary Ride From Adelaide to Port Darwin | Tommy and Co. | The Battle of the Bells | The Observations of Henry | The Slizzers | Our Town | The Crowded Colony | Fanny and the Servant Problem | Cargo to Callisto | Tubemonkey | A Boy Knight | The Draw | Little Boy | Where There's Hope | Vengeance on Mars! | Zen | The God-Plllnk | The Country's Need of Greater Railway Facilities and Terminals: Address Delivered at the Annual Dinner of the Railway Business Association, New York City, December 19, 1912 | Laboratory",true
John Buchan,Buchan John,literary,en,20c,gutenberg_targeted_2026_07,Project Gutenberg,work,3,original English prose,20,558|560|23706|1966|3782|715|611|40014|34548|77309|60948|75668|57402|17047|76673|10046|57631|46345|59178|77335,"The Thirty-Nine Steps | Mr. Standfast | Greenmantle | The Path of the King | Huntingtower | The Moon Endureth: Tales and Fancies | Prester John | John Burnet of Barns: A Romance | The African Colony: Studies in the Reconstruction | Francis and Riversdale Grenfell : $b A memoir | The Last Secrets: The Final Mysteries of Exploration | The strange career of the Chevalier d'Eon de Beaumont : $b Minister plenipotentiary from France to Great Britain in 1763 | The Watcher by the Threshold | The Half-Hearted | The history of the South African forces in France | Salute to Adventurers | The Power-House | Sir Quixote of the Moors: Being some account of an episode in the life of the Sieur de Rohaine | Midwinter: Certain Travellers in Old England | Poems, Scots and English",true
R. Austin Freeman,Freeman R Austin,literary,en,20c,gutenberg_targeted_2026_07,Project Gutenberg,work,3,original English prose,16,76728|76919|76796|76072|76116|13882|11128|10476|12187|12028|59478|24201|72782|75244|70996|76845,Helen Vardon's confession | The magic casket | A silent witness | The mystery of Angelina Frood | The blue scarab | John Thorndyke's Cases: related by Christopher Jervis and edited by R. Austin Freeman | The Red Thumb Mark | The Vanishing Man: A Detective Romance | The Mystery of 31 New Inn | The Uttermost Farthing: A Savant's Vendetta | The adventures of Dr. Thorndyke (The singing bone) | The Eye of Osiris | As a thief in the night | The shadow of the Wolf | The D'Arblay mystery | The golden pool : $b A story of a forgotten mine,true
Anna Katharine Green,Green Anna Katharine,literary,en,19c_20c,gutenberg_targeted_2026_07,Project Gutenberg,work,3,original English prose,38,21617|23641|21824|4047|3071|1167|2371|4767|1857|1851|17763|33301|31681|18761|10083|34710|33305|5162|32795|68153|19147|22811|17999|33695|5121|22809|22810|22807|38347|31578|56787|6805|57643|22806|32439|35424|22808|36758,"That Affair Next Door | The Forsaken Inn: A Novel | The Old Stone House and Other Stories | The Leavenworth Case | The Golden Slipper, and Other Problems for Violet Strange | A Strange Disappearance | The Filigree Ball: Being a full and true account of the solution of the mystery concerning the Jeffrey-Moore affair | The Mayor's Wife | Initials Only | The Woman in the Alcove | The Mystery of the Hasty Arrow | The Sword of Damocles: A Story of New York Life | Hand and Ring | The Circular Study | The House of the Whispering Pines | One of My Sons | Lost Man's Lane: A Second Episode in the Life of Amelia Butterworth | Agatha Webb | Three Thousand Dollars | The step on the stair | The House in the Mist | The Staircase At The Heart's Delight: 1894 | The Chief Legatee | X Y Z: A Detective Story | Dark Hollow | The Hermit Of ——— Street: 1898 | Midnight In Beauchamp Row: 1895 | A Difficult Problem: 1900 | The Millionaire Baby | Room Number 3, and Other Detective Stories | 7 to 12: A Detective Story | The Mill Mystery | Doctor Izard | The Bronze Hand: 1897 | The Doctor, his Wife, and the Clock | The Amethyst Box | The Gray Madam: 1899 | Cynthia Wakeham's Money",true
Mary Roberts Rinehart,Rinehart,literary,en,20c,gutenberg_targeted_2026_07,Project Gutenberg,work,3,original English prose,32,75922|434|1214|330|1693|366|1869|2714|1601|1970|3464|1671|1960|1590|11127|2358|1963|9931|54273|19475|15473|19851|14457|70942|34020|41408|14573|79161|68950|63490|43394|28406,"The amazing adventures of Letitia Carberry | The Circular Staircase | The Street of Seven Stars | Where There's a Will | Dangerous Days | Bab: A Sub-Deb | The Man in Lower Ten | Long Live the King! | The Breaking Point | A Poor Wise Man | Tish : $b The chronicle of her escapades and excursions | When a Man Marries | Sight Unseen | The Amazing Interlude | The Case of Jennie Brice | The After House | The Confession | K | Locked Doors | Tenting To-night: A Chronicle of Sport and Adventure in Glacier Park and the Cascade Mountains | Love Stories | More Tish | Kings, Queens and Pawns: An American Woman at the Front | Tish plays the game | The Window at the White Cat | Affinities, and Other Stories | The Truce of God | Temperamental people | Twenty-three and a half hours' leave | The Altar of Freedom | Through Glacier Park: Seeing America First with Howard Eaton | Why I Believe in Scouting for Girls",true
Booth Tarkington,Tarkington,literary,en,19c_20c,gutenberg_targeted_2026_07,Project Gutenberg,work,3,original English prose,25,402|8867|980|1611|297|1158|9659|1098|6401|8740|3428|483|57721|2326|2595|1983|5798|60529|18259|65207|5949|58870|5756|59778|69265,"Penrod | The Magnificent Ambersons | Alice Adams | Seventeen: A Tale of Youth and Summer Time and the Baxter Family, Especially William | The Flirt | Penrod and Sam | The Gentleman from Indiana | The Turmoil: A Novel | Harlequin and Columbine | In the Arena: Stories of Political Life | The Two Vanrevels | The Conquest of Canaan | Index of the Project Gutenberg Works of Booth Tarkington | His Own People | Ramsey Milholland | Monsieur Beaucaire | The Beautiful Lady | The Fascinating Stranger, and Other Stories | Gentle Julia | Women | Beasley's Christmas Party | The Midlander | The Guest of Quesnay | The Trysting Place: A Farce in One Act | Bimbo, the pirate: A comedy",true
Gene Stratton-Porter,Stratton-Porter,literary,en,19c_20c,gutenberg_targeted_2026_07,Project Gutenberg,work,3,original English prose,12,26465|26220|26582|111|286|904|533|532|3722|59823|35188|4907,The Harvester | A Girl of the Limberlost | Michael O'Halloran | Freckles | Laddie: A True Blue Story | Her Father's Daughter | The Song of the Cardinal | At the Foot of the Rainbow | A Daughter of the Land | The White Flag | The Fire Bird | Moths of the Limberlost: A Book About Limberlost Cabin,true
O. Henry,Henry O,literary,en,19c_20c,gutenberg_targeted_2026_07,Project Gutenberg,work,3,original English prose,7,7256|22442|59637|1646|3707|1595|2141,"The Gift of the Magi | The Four Million | Index of the Project Gutenberg Works of O. Henry | Roads of Destiny | The Trimmed Lamp, and Other Stories of the Four Million | Whirligigs | Strictly Business: More Stories of the Four Million",true
Ambrose Bierce,Bierce,literary,en,19c_20c,gutenberg_targeted_2026_07,Project Gutenberg,work,3,original English prose,25,23172|972|375|4366|13334|58807|374|12977|23081|66345|36218|13541|43951|12658|25304|15599|66905|12474|12793|5661|16340|4793|66490|66576|3715,"The Damned Thing: 1898, From ""In the Midst of Life"" | The Devil's Dictionary | An Occurrence at Owl Creek Bridge | Can Such Things Be? | The Collected Works of Ambrose Bierce, Volume 02: In the Midst of Life: Tales of Soldiers and Civilians | Index of the Project Gutenberg Works of Ambrose Bierce | Fantastic Fables | Black Beetles in Amber | Present at a Hanging and Other Ghost Stories | The Collected Works of Ambrose Bierce, Volume 12: In Motley | The Letters of Ambrose Bierce, With a Memoir by George Sterling | The Collected Works of Ambrose Bierce, Volume 01 | The Cynic's Word Book | Shapes of Clay | The Shadow On The Dial, and Other Essays: 1909 | The Collected Works of Ambrose Bierce, Volume 08: Negligible Tales, On With the Dance, Epigrams | The Collected Works of Ambrose Bierce, Volume 11: Antepenultimata | Write It Right: A Little Blacklist of Literary Faults | Cobwebs from an Empty Skull | A Son of the Gods, and A Horseman in the Sky | A Cynic Looks at Life | The Fiend's Delight | The Collected Works of Ambrose Bierce, Volume 09: Tangential Views | The Collected Works of Ambrose Bierce, Volume 10: The Opinionator | The Parenticide Club",true
Frank Norris,Norris Frank,literary,en,19c_20c,gutenberg_targeted_2026_07,Project Gutenberg,work,3,original English prose,10,165|268|321|401|4382|14712|9905|48620|16096|26026,"McTeague: A Story of San Francisco | The Octopus : A Story of California | Moran of the Lady Letty | Blix | The pit : $b a story of Chicago | Vandover and the Brute | A Deal in Wheat and Other Stories of the New and Old West | The Third Circle | A man's woman | The Surrender of Santiago: An Account of the Historic Surrender of Santiago to General; Shafter, July 17, 1898",true
Hamlin Garland,Garland Hamlin,literary,en,19c_20c,gutenberg_targeted_2026_07,Project Gutenberg,work,3,original English prose,24,22329|26189|26244|21255|26239|22593|28551|21850|2809|28791|24220|75161|30318|33458|20714|29119|20247|20695|34250|35805|20697|28492|48442|19764,"A Daughter of the Middle Border | A Spoil of Office: A Story of the Modern West | Cavanagh, Forest Ranger: A Romance of the Mountain West | The Eagle's Heart | The Forester's Daughter: A Romance of the Bear-Tooth Range | The Shadow World | The Trail of the Goldseekers: A Record of Travel in Prose and Verse | A Little Norsk; Or, Ol' Pap's Flaxen | Main-Travelled Roads | A Son of the Middle Border | The Tyranny of the Dark | The book of the American Indian | Money Magic: A Novel | The Captain of the Gray-Horse Troop | Other Main-Travelled Roads | They of the High Trails | Wayside Courtships | The Spirit of Sweetwater | Victor Ollnee's Discipline | Rose of Dutcher's Coolly | Prairie Folks | The Light of the Star: A Novel | A Pioneer Mother | The Moccasin Ranch: A Story of Dakota",true
Stephen Leacock,Leacock,literary,en,20c,gutenberg_targeted_2026_07,Project Gutenberg,work,3,original English prose,17,28919|3533|6340|4682|4064|23449|3532|11504|4781|30039|58439|4020|4077|22651|20633|4069|29226,"Frenzied Fiction | Sunshine Sketches of a Little Town | Literary Lapses | Nonsense Novels | Moonbeams from the Larger Lunacy | Behind the Beyond, and Other Contributions to Human Knowledge | My Discovery of England | Further Foolishness | The Hohenzollerns in America: With the Bolsheviks in Berlin and Other Impossibilities | Adventurers of the Far North: A Chronicle of the Frozen Seas | Index of the Project Gutenberg Works of Stephen Leacock | Arcadian Adventures with the Idle Rich | The Mariner of St. Malo : A chronicle of the voyages of Jacques Cartier | The Unsolved Riddle of Social Justice | Winsome Winnie and other New Nonsense Novels | The Dawn of Canadian History : A Chronicle of Aboriginal Canada | The Fall of British Tyranny; Or, American Liberty Triumphant",true
Arthur Machen,Machen,literary,en,19c_20c,gutenberg_targeted_2026_07,Project Gutenberg,work,3,original English prose,13,389|78106|25016|13969|35517|35153|35637|40241|35611|43685|14044|35617|43503,"The Great God Pan | Things near & far | The House of Souls | The Hill of Dreams | The Three Impostors; or, The Transmutations | Far off things | The Secret Glory | Hieroglyphics | The Great Return | The Literature and History of New Testament Times | The Angels of Mons: The Bowmen and Other Legends of the War | The Terror: A Mystery | The Origin of Paul's Religion",true
Algernon Blackwood,Blackwood Algernon,literary,en,20c,gutenberg_targeted_2026_07,Project Gutenberg,work,3,original English prose,26,14471|11438|10897|16726|10624|22349|49222|9964|11377|6021|45964|72928|43816|77472|5894|10659|33876|69668|43594|30974|50107|35132|11988|76991|4046|11074,"The Empty House and Other Ghost Stories | The Willows | The Wendigo | Four Weird Tales | Three John Silence Stories | The Camp of the Dog | John Silence, Physician Extraordinary | The Centaur | The Man Whom the Trees Loved | A Prisoner in Fairyland (The Book That 'Uncle Paul' Wrote) | Day and Night Stories | Ten minute stories | Incredible Adventures | Pan's garden : $b a volume of nature stories | The Extra Day | Three More John Silence Stories | The Wave: An Egyptian Aftermath | The education of Uncle Paul | The Bright Messenger | Jimbo: A Fantasy | Julius LeVallon: An Episode | The Promise of Air | The Human Chord | Episodes before thirty | The Garden of Survival | The Damned",true
Sax Rohmer,Rohmer,literary,en,20c,gutenberg_targeted_2026_07,Project Gutenberg,work,3,original English prose,22,173|77092|77056|77001|27461|1182|2028|1183|1159|6382|2126|5697|19142|19706|15323|21879|18613|40108|17959|41619|69544|79087,"The Insidious Dr. Fu Manchu | She who sleeps : $b A romance of New York and the Nile | The dream detective | Moon of madness | The Orchard of Tears | Dope | The Yellow Claw | The Return of Dr. Fu-Manchu | Fire-Tongue | Bat Wing | The Quest of the Sacred Slipper | Tales of Chinatown | The Devil Doctor | Brood of the Witch-Queen | The Green Eyes of Bâst | The Sins of Séverac Bablon | The Golden Scorpion | Tales of Secret Egypt | The Hand of Fu-Manchu: Being a New Phase in the Activities of Fu-Manchu, the Devil Doctor | The Haunting of Low Fennel | The exploits of Captain O'Hagan | The day the world ended",true
Edgar Rice Burroughs,Burroughs Edgar Rice,literary,en,20c,gutenberg_targeted_2026_07,Project Gutenberg,work,3,original English prose,49,72|64|62|68|1153|551|149|553|23712|81|106|90|123|85|331|92|96|605|369|364|1401|2020|363|69703|58904|75817|552|70691|69338|71372|70195|61837|69191|3475|58874|70199|70816|70002|70815|72938|70589|71195|71316|71370|70101|70124|70536|71879|62409,"Thuvia, maid of Mars | The gods of Mars | A princess of Mars | The warlord of Mars | The Chessmen of Mars | The Land That Time Forgot | The Lost Continent | Out of Time's Abyss | Tarzan of the Apes | The Return of Tarzan | Jungle Tales of Tarzan | The Son of Tarzan | At the Earth's Core | The Beasts of Tarzan | The Mucker | Tarzan and the Jewels of Opar | The Monster Men | Pellucidar | The outlaw of Torn | The Mad King | Tarzan the Untamed | Tarzan the Terrible | The Oakdale Affair | The master mind of Mars | Index of the Project Gutenberg Works of Edgar Rice Burroughs | The illustrated Tarzan book no. 1 : $b Picturized from the novel Tarzan of the apes | The People That Time Forgot | A fighting man of Mars | The Moon Maid | Tarzan triumphant | Pirates of Venus | Tarzan and the Ant Men | The cave girl | The Efficiency Expert | Tarzan and the Golden Lion | Tanar of Pellucidar | Lost on Venus | The eternal savage | Tarzan at the Earth's core | Tarzan, lord of the jungle | Tarzan and the lost empire | Tarzan the invincible | Tarzan and the city of gold | Tarzan and the Lion Man | Apache devil | The war chief | The land of hidden men | The Tarzan twins | The girl from Hollywood",true
Robert W. Chambers,Chambers Robert W,literary,en,19c_20c,gutenberg_targeted_2026_07,Project Gutenberg,work,3,original English prose,46,8492|52404|10441|25441|27374|26651|25623|43703|7492|15654|33557|12279|53249|4984|18185|38958|46581|52842|18668|28440|28244|29880|36281|53289|11904|14852|27342|28295|13180|35233|5748|43702|37528|67856|37333|24181|18515|6893|13813|8441|24071|24389|40696|77500|24426|77948,"The King in Yellow | The Girl Philippa | The Green Mouse | The Reckoning | A Young Man in a Hurry, and Other Short Stories | The Flaming Jewel | Barbarians | The Business of Life | The Fighting Chance | The Firing Line | The Moonlit Way: A Novel | The Maid-At-Arms: A Novel | The Laughing Girl | The Hidden Children | The Danger Mark | Cardigan | The Mystery of Choice | Japonette | In Search of the Unknown | The Dark Star | The Gay Rebellion | The Crimson Tide: A Novel | The Slayer of Souls | The Restless Sex | Ailsa Paige: A Novel | The Younger Set | Athalie | The Maids of Paradise | The Tracer of Lost Persons | The Streets of Ascalon: Episodes in the Unfinished Career of Richard Quarren, Esqre. | In Secret | The Adventures of a Modest Man | Quick Action | Eris | The Little Red Foot | Lorraine: A Romance | Police!!! | In the Quarter | The Common Law | Between Friends | Special Messenger | Blue-Bird Weather | Who Goes There! | The talkers | Iole | The haunts of men",true
E. Phillips Oppenheim,Oppenheim,literary,en,19c_20c,gutenberg_targeted_2026_07,Project Gutenberg,work,3,original English prose,72,1849|1931|28091|27998|26596|41046|28161|41047|76836|68713|5815|1976|2287|2767|1314|1442|77864|1878|1699|5091|1447|51076|34035|9871|17197|9664|19341|29162|17063|33546|16971|13123|8878|30542|32732|20611|30811|9923|15893|5743|17103|26023|34945|4233|10534|16998|35361|55798|9836|35661|13369|10371|22143|17040|75552|45636|10575|11372|17272|10537|33988|9872|17356|77836|59198|39018|40455|31535|41402|33302|32148|55760,"The Yellow Crayon | The Zeppelin's Passenger | The Double Four | The New Tenant | Anna the Adventuress | International Law. A Treatise. Volume 1 (of 2): Peace. Second Edition | The Master Mummer | International Law. A Treatise. Volume 2 (of 2): War and Neutrality. Second Edition | The common sense of sex | A history of the administration of the Royal Navy and of merchant shipping in relation to the Navy from MDIX to MDCLX, with an introduction treating of the preceding period | The Great Impersonation | Peter Ruff and the Double Four | Havoc | The Devil's Paw | The Malefactor | The Kingdom of the Blind | The psychology of Jung | A Millionaire of Yesterday | The Vanished Messenger | The Tempting of Tavernake | The Illustrious Prince | Aaron Rodd, Diviner | The Hillman | The Avenger | The Black Box | An Amiable Charlatan | A Maker of History | The Traitors | A Lost Leader | The Missioner | A Prince of Sinners | The Great Prince Shan | The Mischief-Maker | Berenice | Jacob's Ladder | Mr. Grex of Monte Carlo | The Moving Finger | The Box with Broken Seals | The Lighted Way | The Evil Shepherd | The Double Life Of Mr. Alfred Burton | The League of Nations and Its Problems: Three Lectures | The Golden Web | Jeanne of the Marshes | The Double Traitor | The Betrayal | The Wicked Marquis | False Evidence | The Pawns Count | Mysterious Mr. Sabin | The Lost Ambassador; Or, The Search For The Missing Delora | The Cinema Murder | The Panama Canal Conflict between Great Britain and the United States of America: A Study | The Survivor | Wild oats | Stolen Idols | The Profiteers | The Nine-Tenths | A People's Man | The Governors | To Win the Love He Sought: The Great Awakening: Volume 3 | The Great Secret | Nobody's Man | The mystery road | The Seven Conundrums | Mr. Marx's Secret | Master of Men | A Monk of Cruta | The Yellow House; Master of Men | The Future of International Law | International Incidents for Discussion in Conversation Classes | Ambrose Lavendale, Diplomat",true
Israel Zangwill,Zangwill,literary,en,19c_20c,gutenberg_targeted_2026_07,Project Gutenberg,work,3,original English prose,21,28164|23893|56264|6304|29875|49795|12680|45623|57836|28982|16408|78520|35076|33747|38413|29207|35238|20631|34404|20078|77065,"The Big Bow Mystery | The Melting-Pot | Italian Fantasies | Without Prejudice | Dreamers of the Ghetto | The Master; a Novel | Children of the Ghetto: A Study of a Peculiar People | The Old Maids' Club | Jinny the Carrier | Ghetto Comedies | The Grey Wig: Stories and Novelettes | The rise of a star | Ghetto Tragedies | An Engagement of Convenience: A Novel | The King of Schnorrers: Grotesques and Fantasies | Cleo The Magnificent; Or, The Muse of the Real: A Novel | The Grandchildren of the Ghetto | Chosen Peoples: Being the First ""Arthur Davis Memorial Lecture"" delivered before the Jewish Historical Society at University College on Easter-Passover Sunday, 1918/5678 | The Beautiful Miss Brooke | Merely Mary Ann | The barbarous babes : $b Being the memoirs of Molly",true
William Dean Howells,Howells,literary,en,19c_20c,gutenberg_targeted_2026_07,Project Gutenberg,work,3,original English prose,103,22297|25383|22219|22519|22450|154|3374|3389|4201|3400|7083|14276|3404|12100|7430|21381|3364|8171|8203|66584|52708|4600|7187|726|4645|3362|723|3379|7130|3377|7359|20225|728|7422|7141|7311|8449|3363|4270|7502|7797|8295|4646|9458|7546|3365|3051|7839|28763|2506|3392|3378|18555|7410|47060|28727|724|3402|66257|3237|30023|3399|58540|18605|56970|3393|3369|3373|30108|3401|7364|29993|3483|3386|3397|18565|3394|3406|20403|3396|3384|3375|3380|3390|3385|3398|43469|3382|3395|27709|23030|3383|3391|3387|3403|3381|33608|57341|28305|27880|75112|75041|73469,"The Coast of Bohemia | Boy Life: Stories and Readings Selected From The Works of William Dean Howells | The Flight of Pony Baker: A Boy's Town Story | Christmas Every Day and Other Stories | My Mark Twain | The Rise of Silas Lapham | The Entire March Family Trilogy | Literature and Life (Complete) | Literary Friends and Acquaintance; a Personal Retrospect of American Authorship | Complete Project Gutenberg William Dean Howells Works | Venetian Life | Italian Journeys | April Hopes | Between the Dark and the Daylight | Familiar Spanish Travels | Stories Of Ohio | Dr. Breen's Practice | Modern Italian Poets; Essays and Versions | A Modern Instance | The World of Chance | A Confession of St. Augustine | A Hazard of New Fortunes — Complete | Seven English Cities | A Psychological Counter-Current in Recent Fiction | The Landlord at Lion's Head — Complete | The Kentons | Henry James, Jr. | Short Stories and Essays (from Literature and Life) | London Films | Criticism and Fiction | Indian Summer | The Story of a Play: A Novel | Emile Zola | Roman Holidays, and Others | Suburban Sketches | The Leatherwood God | A Traveler from Altruria: Romance | Fennel and Rue | Ragged Lady — Complete | Annie Kilburn : a Novel | The Lady of the Aroostook | Through the Eye of the Needle: A Romance | Their Silver Wedding Journey — Complete | Questionable Shapes | Quotes and Images From The Works of William Dean Howells | Their Wedding Journey | An Open-Eyed Conspiracy; An Idyl of Saratoga | A Foregone Conclusion | Imaginary Interviews | The Sleeping-Car: A Farce | Cambridge Neighbors (from Literary Friends and Acquaintance) | My Literary Passions | A Chance Acquaintance | The Minister's Charge; Or, The Apprenticeship of Lemuel Barker | Years of My Youth | A Boy's Town | The Man of Letters as a Man of Business | The Parlor Car | Impressions and experiences | The Garotters | The Daughter of the Storage: And Other Things in Prose and Verse | Complete Project Gutenberg William Dean Howells Literature Essays | Certain delightful English towns, with glimpses of the pleasant country between | A Pair of Patient Lovers | Mrs. Farrell | Studies of Lowell (from Literary Friends and Acquaintance) | A Hazard of New Fortunes — Volume 4 | Their Silver Wedding Journey — Volume 3 | The Quality of Mercy | The Elevator | The Albany Depot : a Farce | Poems | Widger's Quotations from the Project Gutenberg Editions of the Works of William Dean Howells | The Editor's Relations with the Young Contributor (from Literature and Life) | Roundabout to Boston (from Literary Friends and Acquaintance) | A Little Swiss Sojourn | The White Mr. Longfellow (from Literary Friends and Acquaintance) | Ragged Lady — Volume 2 | A Fearful Responsibility and Other Stories | Literary Boston as I Knew It (from Literary Friends and Acquaintance) | Some Anomalies of the Short Story (from Literature and Life) | The Landlord at Lion's Head — Volume 1 | Staccato Notes of a Vanished Summer (from Literature and Life) | My Mark Twain (from Literary Friends and Acquaintance) | Last Days in a Dutch Hotel (from Literature and Life) | My First Visit to New England, and Others (from Literary Friends and Acquaintance) | A Counterfeit Presentment; and, The Parlour Car | American Literary Centers (from Literature and Life) | Oliver Wendell Holmes (from Literary Friends and Acquaintance) | Five O'Clock Tea: Farce | Buying a Horse | Spanish Prisoners of War (from Literature and Life) | A Belated Guest (from Literary Friends and Acquaintance) | Confessions of a Summer Colonist (from Literature and Life) | The Register | The Standard Household-Effect Company (from Literature and Life) | Bride Roses | My Year in a Log Cabin | A Likely Story | Evening Dress: Farce | The air splasher | His to fly | Nerve enough",true
Sarah Orne Jewett,Jewett,literary,en,19c,gutenberg_targeted_2026_07,Project Gutenberg,work,3,original English prose,23,23546|27923|19685|367|69844|13211|41288|74980|15294|44920|51537|66443|50140|15985|32382|31473|24822|31857|13114|41831|49933|60243|47865,"Wealth of the World's Waste Places and Oceania | Betty Leicester: A Story For Girls | Country of the Pointed Firs | The Country of the Pointed Firs | A history of Italian painting | The Pearl: A Middle English Poem, A Modern Version in the Metre of the Original | Beginners' Book in Language. A Book for the Third Grade | The best stories of Sarah Orne Jewett, Volume 2 (of 2) | A Country Doctor and Selected Stories and Sketches | The Normans; told chiefly in relation to their conquest of England | The Tory Lover | Wonder Tales from Tibet | The Story of the Thirty-second Regiment, Massachusetts Infantry: Whence it came; where it went; what it saw, and what it did | Deephaven and Selected Stories & Sketches | Old Friends and New | The Life of Nancy | The Queen's Twin and Other Stories | Strangers and Wayfarers | The Collectors: Being Cases mostly under the Ninth and Tenth Commandments | Betty Leicester's Christmas | The Mentor: Two Early German Painters, Dürer and Holbein, Vol. 1, Num. 48, Serial No. 48 | A Historical Sketch of Company ""B,"" Eighteenth Regiment Ohio Volunteer Infantry: Three Months Service | On the Construction of Catalogues of Libraries and Their Publication by Means of Separate, Stereotyped Titles: With Rules and Examples",true
Mary E. Wilkins Freeman,Freeman Mary,literary,en,19c_20c,gutenberg_targeted_2026_07,Project Gutenberg,work,3,original English prose,24,1716|1617|978|15695|17564|18011|45300|16468|4528|18158|17790|17886|17428|17793|17566|19766|17560|17960|76948|17792|17885|17891|17887|17888,"The Copy-Cat, and Other Stories | The Wind in the Rose-Bush, and Other Stories of the Supernatural | The Yates Pride: A Romance | 'Doc.' Gordon | By the Light of the Soul: A Novel | The Portion of Labor | Once Upon a Time, and Other Child-Verses | The Pot of Gold, and Other Stories | The Heart's Highway: A Romance of Virginia in the Seventeenth Century | The Butterfly House | Jane Field: A Novel | Jerome, A Poor Man: A Novel | Pembroke: A Novel | The Debtor: A Novel | The Shoulders of Atlas: A Novel | Young Lucretia and Other Stories | The Adventures of Ann: Stories of Colonial Times | Giles Corey, Yeoman: A Play | Silence, and other stories | The Jamesons | Madelon: A Novel | Evelina's Garden | The Green Door | Comfort Pease and her Gold Ring",true
Alice Brown,Brown Alice,literary,en,19c_20c,gutenberg_targeted_2026_07,Project Gutenberg,work,3,original English prose,8,24540|20486|9367|31372|29366|32115|33259|51541,Country Neighbors | Tiverton Tales | Meadow Grass: Tales of New England Life | Old Crow | The Prisoner | Rose MacLeod | The Day of His Youth | Louise Imogen Guiney,true
Harold Frederic,Frederic Harold,literary,en,19c,gutenberg_targeted_2026_07,Project Gutenberg,work,3,original English prose,15,133|298|54989|54987|54764|54900|55339|44304|54988|50496|9787|54986|57537|56005|46124,"The Damnation of Theron Ware | The Market-Place | The Young Emperor, William II of Germany: A Study in Character Development on a Throne | Seth's Brother's Wife: A Study of Life in the Greater New York | In the Sixties | The Return of the O'Mahony: A Novel | The Lawton Girl | The Deserter, and Other Stories: A Book of Two Wars | Gloria Mundi | Mrs Albert Grundy—Observations in Philistia | In the Valley | March Hares | Index for Works of Harold Frederic: Hyperlinks to All Chapters of All Individual Ebooks | Marsena, and Other Stories of the Wartime | The Copperhead",true
Frank R. Stockton,Stockton,literary,en,19c,gutenberg_targeted_2026_07,Project Gutenberg,work,3,original English prose,41,22737|20598|25549|20836|396|429|76838|12067|427|2011|17053|12334|17582|20651|12460|35570|12190|11671|6127|18822|10948|24713|13356|28662|13531|69838|71711|27527|26895|35480|30848|71032|65841|10973|18654|71952|23175|10368|74633|55532|11106,"John Gayther's Garden and the Stories Told Therein | Buccaneers and Pirates of Our Coasts | A Chosen Few: Short Stories | Ting-a-ling | The Lady, or the Tiger? | The Magic Egg, and Other Stories | Error's chains : $b How forged and broken : A comparative history of the national, social and religious errors that mankind has fallen into and practised from the creation down to the present time. | The Bee-Man of Orn and Other Fanciful Tales | The Great War Syndicate | Rudder Grange | Kate Bonnet: The Romance of a Pirate's Daughter | A Bicycle of Cathay | Round-about Rambles in Lands of Fact and Fancy | A Jolly Fellowship | Pomona's Travels: A Series of Letters to the Mistress of Rudder Grange from her Former Handmaiden | The casting away of Mrs. Lecks and Mrs. Aleshine | The Adventures of Captain Horn | The Rudder Grangers Abroad and Other Stories | The Great Stone of Sardis | The House of Martha | The Stories of the Three Burglars | Stories of New Jersey | The Captain's Toll-Gate | The Squirrel Inn | Amos Kilbright; His Adscititious Experiences: With Other Stories | Captain Chap; or, The Rolling Stones | Tales out of school | Rules and Regulations of the Insane Asylum of California: Prescribed by the Resident Physician, August 1, 1861 | The Associate Hermits | The Dusantes | Mrs. Cliff's Yacht | Fanciful tales | The Lost Dryad | The Late Mrs. Null | What Might Have Been Expected | The young master of Hyson Hall | My Terminal Moraine: 1892 | The Vizier of the Two-Horned Alexander | The poor Count's Christmas | The Story of Viteau | The Girl at Cobhurst",true
Anthony Hope,Hope Anthony,literary,en,19c_20c,gutenberg_targeted_2026_07,Project Gutenberg,work,3,original English prose,36,20981|22191|22436|1145|1203|428|24034|67645|10057|13909|41182|20328|48642|58478|33293|11063|45749|40414|49630|42222|41438|43083|38796|41822|19752|47319|28935|40583|14755|24985|39547|51642|40570|41599|40697|36876,"Tristram of Blent: An Episode in the Story of an Ancient House | Half a Hero: A Novel | The prisoner of Zenda | Rupert of Hentzau: From The Memoirs of Fritz Von Tarlenheim: Sequel to The Prisoner of Zenda | Dolly Dialogues | Frivolous Cupid | The King's Mirror | Dialogue | The Secret of the Tower | The Indiscretion of the Duchess: Being a Story Concerning Two Ladies, a Nobleman, and a Necklace | Mrs. Maxon Protests | Simon Dale | A Servant of the Public | Index of the Project Gutenberg Works of Anthony Hope | The Great Miss Driver | A man of mark | A Change of Air | Sophy of Kravonia: A Novel | Tales of two people | Double Harness | The Heart of Princess Osra | A Young Man's Year | Second String | Phroso: A Romance | Quisanté | The Intrusions of Peggy | Captain Dieppe | The God in the Car: A Novel | Father Stafford | Comedies of Courtship | Beaumaroy Home from the Wars | Lucinda | The Chronicles of Count Antonio | Mr. Witt's Widow: A Frivolous Tale | Sport Royal, and Other Stories | Helena's Path",true
Stanley J. Weyman,Weyman,literary,en,19c_20c,gutenberg_targeted_2026_07,Project Gutenberg,work,3,original English prose,29,22334|1939|39137|11918|1896|2041|19485|2079|15763|38985|39296|39136|29100|39294|39168|38990|39215|38910|38871|39138|59008|38989|38872|39295|39217|39297|39214|38911|39216,"In Kings' Byways | A Gentleman of France: Being the Memoirs of Gaston de Bonne Sieur de Marsac | Shrewsbury: A Romance | The Castle Inn | Under the red robe | The House of the Wolf: A Romance | The Long Night | From the Memoirs of a Minister of France | Count Hannibal: A Romance of the Court of France | My Lady Rotha: A Romance | The Story of Francis Cludde | Historical Romances: Under the Red Robe, Count Hannibal, A Gentleman of France | The Wild Geese | The Great House | Sophia: A Romance | Ovington's Bank | The New Rector | The Abbess Of Vlaye | Chippinge Borough | Starvecrow Farm | Index of the Project Gutenberg Works of Stanley J. Weyman | Laid up in Lavender | A Little Wizard | The man in black | The King's Stratagem, and Other Stories | The red cockade | When Love Calls | For the Cause | The Snowball",true
W. W. Jacobs,Jacobs W W,literary,en,19c_20c,gutenberg_targeted_2026_07,Project Gutenberg,work,3,original English prose,107,21931|21930|21929|12122|10793|12133|11976|28731|28701|12215|12161|5758|10571|10876|10573|11191|11482|25769|21336|10787|21928|6465|10563|11189|10566|12124|12131|10567|10572|10562|10782|10783|11481|12126|10790|10781|10784|10786|10569|10873|10871|10791|12128|12202|10789|11479|12152|10872|11471|11184|11182|11185|12155|10565|10792|12214|10564|11190|12204|12208|10570|12151|10875|10568|11478|12121|12123|12201|10785|12130|11183|11188|12205|10788|11474|12160|10874|11181|12156|12209|11473|11972|12125|12153|12159|11476|12154|12129|12212|11187|10561|11480|12211|12158|11472|11475|11186|12207|12206|12210|11477|12203|12213|12127|12157|78235|12132,"Sea urchins | Salthaven | A master of craft | The Monkey's Paw: The Lady of the Barge and Others, Part 2. | Sailors' Knots (Entire Collection) | The Lady of the Barge and Others, Entire Collection | Dialstone Lane [complete] | The Monkey's Paw | Stories of W.W. Jacobs: An Index to All Volumes and Stories | Odd craft [complete] | Night watches [complete] | Many cargoes | The Old Man of the Sea: Ship's Company, Part 11. | At Sunwich Port [complete] | Ship's Company, the Entire Collection | Captains All and Others | Deep Waters | More cargoes: 1897 | The skipper's wooing, and The brown man's servant | The Toll-House: Sailor's Knots, Part 7. | Light Freights | Short Cruises | Good Intentions: Ship's Company, Part 3. | The Madness of Mr. Lister: Captains All, Book 9. | The Bequest: Ship's Company, Part 6. | The Well: The Lady of the Barge and Others, Part 4. | A Golden Venture: The Lady of the Barge and Others, Part 11. | The Guardian Angel: Ship's Company, Part 7. | Manners Makyth Man: Ship's Company, Part 12. | Friends in Need: Ship's Company, Part 2. | Homeward Bound: Sailor's Knots, Part 2. | Self-Help: Sailor's Knots, Part 3. | Dirty Work: Deep Waters, Part 11. | In the Library: The Lady of the Barge and Others, Part 6. | Prize Money: Sailor's Knots, Part 10. | Deserted: Sailor's Knots, Part 1. | Sentence Deferred: Sailor's Knots, Part 4. | Odd Man Out: Sailor's Knots, Part 6. | Skilled Assistance: Ship's Company, Part 9. | At Sunwich Port, Part 3.: Contents: Chapters 11-15 | At Sunwich Port, Part 1.: Contents: Chapters 1-5 | Double Dealing: Sailor's Knots, Part 11. | A Tiger's Skin: The Lady of the Barge and Others, Part 8. | The Castaway: Odd Craft, Part 2. | The Head of the Family: Sailor's Knots, Part 9. | The Substitute: Deep Waters, Part 9. | Keeping watch [Night watches, Part 2.] | At Sunwich Port, Part 2.: Contents: Chapters 6-10 | Shareholders: Deep Waters, Part 1. | The Constable's Move: Captains All, Book 4. | The Boatswain's Mate: Captains All, Book 2. | Bob's Redemption: Captains All, Book 5. | Stepping backwards [Night watches, Part 5.] | Watch-Dogs: Ship's Company, Part 5. | Keeping Up Appearances: Sailor's Knots, Part 12. | Admiral Peters: Odd Craft, Part 14. | Fairy Gold: Ship's Company, Part 4. | The White Cat: Captains All, Book 10. | Bill's Lapse: Odd Craft, Part 4. | The Changing Numbers: Odd Craft, Part 8. | For Better or Worse: Ship's Company, Part 10. | Back to back [Night watches, Part 1.] | At Sunwich Port, Part 5.: Contents: Chapters 21-25 | Dual Control: Ship's Company, Part 8. | Bedridden and the Winter Offensive: Deep Waters, Part 8. | The Lady of the Barge: The Lady of the Barge and Others, Part 1. | Bill's Paper Chase: Lady of the Barge and Others, Part 3. | The Money Box: Odd Craft, Part 1. | Matrimonial Openings: Sailor's Knots, Part 5. | An Adulteration Act: The Lady of the Barge and Others, Part 10. | The Nest Egg: Captains All, Book 3. | The Temptation of Samuel Burge: Captains All, Book 8. | Lawyer Quince: Odd Craft, Part 5. | Peter's Pence: Sailor's Knots, Part 8. | Sam's Ghost: Deep Waters, Part 4. | His other self [Night watches, Part 10.] | At Sunwich Port, Part 4.: Contents: Chapters 16-20 | Captains All: Captains All, Part 1. | The three sisters [Night watches, Part 6.] | The Persecution of Bob Pretty: Odd Craft, Part 9. | Made to Measure: Deep Waters, Part 3. | Dialstone Lane, Part 2. | Cupboard Love: The Lady of the Barge and Others, Part 5. | The understudy [Night watches, Part 3.] | Easy money [Night watches, Part 9.] | Husbandry: Deep Waters, Part 6. | The weaker vessel [Night watches, Part 4.] | A Mixed Proposal: The Lady of the Barge and Others, Part 9. | The Third String: Odd Craft, Part 12. | Four Pigeons: Captains All, Book 7. | Fine Feathers: Ship's Company, Part 1. | Striking Hard: Deep Waters, Part 10. | A Spirit of Avarice: Odd Craft, Part 11. | The vigil [Night watches, Part 8.] | Paying Off: Deep Waters, Part 2. | The Convert: Deep Waters, Part 5. | Over the Side: Captains All, Book 6. | Establishing Relations: Odd Craft, Part 7. | Breaking a Spell: Odd Craft, Part 6. | Dixon's Return: Odd Craft, Part 10. | Family Cares: Deep Waters, Part 7. | Blundell's Improvement: Odd Craft, Part 3. | Odd Charges: Odd Craft, Part 13. | Captain Rogers: The Lady of the Barge and Others, Part 7. | The unknown [Night watches, Part 7.] | Sea whispers | Three at Table: The Lady of the Barge and Others, Part 12.",true
Richard Harding Davis,Davis Richard Harding,literary,en,19c_20c,gutenberg_targeted_2026_07,Project Gutenberg,work,3,original English prose,53,27232|405|3029|403|1733|3050|358|1620|14297|411|407|334|1742|1843|2283|1764|5956|1823|327|1761|7884|1822|1824|1820|1818|16908|1760|1806|1763|1817|5643|52706|11019|1808|1819|69354|6015|1762|11144|69118|1807|1821|30953|30812|19501|8380|39522|16310|11730|69715|16090|67682|15089,"The White Mice | Adventures and Letters of Richard Harding Davis | Real Soldiers of Fortune | Soldiers of Fortune | The Red Cross Girl | Notes of a War Correspondent | The Scarlet Car | The Lion and the Unicorn | The Congo and Coasts of Africa | The King's Jackal | The Reporter Who Made Himself King | Episodes in Van Bibber's Life | Miss Civilization: A Comedy in One Act | Vera, the Medium | The Lost Road | Billy and the Big Stick | Gallegher and Other Stories | The Make-Believe Man | The Princess Aline | My Buried Treasure | In the Fog | The Amateur | Peace Manoeuvres | A Wasted Day | The Spy | Once Upon A Time | The Man Who Could Not Lose | The Frame Up | The Nature Faker | A Question of Latitude | Ranson's Folly | About Paris | Van Bibber and Others | The Log of the ""Jolly Polly"" | The Messengers | Three gringos in Venezuela and Central America | Captain Macklin: His Memoirs | The Consul | Somewhere in France | The West from a car window | The Lost House | A Charmed Life | The Boy Scout and Other Stories for Boys | With the French in France and Salonika | The Boy Scout | Cuba in War Time | The Rulers of the Mediterranean | Cinderella, and Other Stories | With the Allies | The scarlet car; The Princess Aline | The Exiles and Other Stories | Stories for Boys | The Deserter",true
Owen Wister,Wister,literary,en,19c_20c,gutenberg_targeted_2026_07,Project Gutenberg,work,3,original English prose,16,26448|28675|1298|76214|1386|1385|1379|862|1390|1388|1387|56717|48468|71547|23923|32098,"The Dragon of Wantley: His Tale | Red Men and White | The Virginian: A Horseman of the Plains | Twenty-five years of the Philadelphia Orchestra, 1900-1925 | Lady Baltimore | Lin McLean | A Straight Deal; Or, The Ancient Grudge | Philosophy 4: A Story of Harvard University | The Jimmyjohn Boss, and Other Stories | Padre Ignacio; Or, The Song of Temptation | Mother | Members of the Family | A ""Bawl"" for American Cricket | A journey in search of Christmas | How Doth the Simple Spelling Bee | The Pentecost of Calamity",true
Gertrude Atherton,Atherton,literary,en,19c_20c,gutenberg_targeted_2026_07,Project Gutenberg,work,3,original English prose,40,48480|48244|47809|13246|25542|8535|14197|491|14256|31858|56340|12697|69429|57922|69460|53009|3706|50169|13496|6091|21903|65310|12833|45474|50391|12270|7863|30502|6884|35512|72957|48160|72997|42368|67075|68222|69763|39443|69405|51059,"Montreal from 1535 to 1914. Vol. 3. Biographical | Montreal, 1535-1914. Vol. 2. Under British Rule, 1760-1914 | Montreal, 1535-1914. Vol. 1. Under the French Régime, 1535-1760 | The Conqueror: Being the True and Romantic Story of Alexander Hamilton | Black Oxen | The Sisters-In-Law: A Novel of Our Time | The Living Present | Rezanov | The Bell in the Fog and Other Stories | Ancestors: A Novel | Tower of Ivory: A Novel | The Splendid Idle Forties: Stories of Old California | Perch of the Devil | Julia France and Her Times: A Novel | Rulers of kings: A novel | Patience Sparhawk and Her Times: A Novel | The Valiant Runaways | Hermia Suydam | The White Morning: A Novel of the Power of the German Women in Wartime | Senator North | The Californians | The Crystal Cup | What Dreams May Come | Uncle Sam, Detective | The Travelling Thirds | The Doomswoman: An Historical Romance of Old California | The Avalanche: A Mystery Story | The Gorgeous Isle: A Romance; Scene-- Nevis, B.W.I. 1842 | Sleeping Fires: a Novel | A Daughter of the Vine | The aristocrats : $b being the impressions of the Lady Helen Pole during her sojourn in the Great North Woods as spontaneously recorded in her letters to her friend in North Britain, the Countess of Edge and Ross | Life in the War Zone | Transplanted : $b A novel | Narrative of the Suffering & Defeat of the North-Western Army, Under General Winchester: Massacre of the Prisoners; Sixteen Months Imprisonment of the Writer and Others with the Indians and British | A Whirl Asunder | His fortunate Grace | Kwasa the cliff dweller | Mrs. Balfame: A Novel | Bolo the cave boy | Mrs. Pendleton's Four-in-hand",true
Octave Mirbeau,Mirbeau,literary,fr,19c_20c,gutenberg_targeted_2026_07,Project Gutenberg,work,3,French originals only,6,16820|54528|78398|57775|66681|44139,"Le Journal d'une Femme de Chambre | La 628-E8: Comprenant en annexe le chapitre intégral ""Balzac"" | Sébastien Roch : $b roman de mœurs | Le jardin des supplices | Chez l'illustre Écrivain | Le Calvaire",true
Joris-Karl Huysmans,Huysmans,literary,fr,19c_20c,gutenberg_targeted_2026_07,Project Gutenberg,work,3,French originals only,6,56149|74157|66995|23940|74106|60821,A rebours | En route | Trois Églises: Eaux-fortes originales de Ch. Jouas | Un dilemme | Sainte Lydwine de Schiedam | En ménage,true
Pierre Loti,Loti,literary,fr,19c_20c,gutenberg_targeted_2026_07,Project Gutenberg,work,3,French originals only,23,4785|61747|32138|18427|16465|63141|7809|7263|40916|41100|31863|30703|33316|35854|11035|63887|18358|31918|51313|23423|57425|36814|29565,"Pêcheur d'Islande | Un Jeune Officier Pauvre: fragments de journal intime rassemblés par son fils, Samuel Viaud. | Vers Ispahan | Mon frère Yves | Le château de La Belle-au-bois-dormant | La mort de Philæ | Les Désenchantées — Roman des harems Turcs contemporains | Le Mariage de Loti | Au Maroc | L'exilée | La troisième jeunesse de Madame Prune | Fantôme d'Orient | Jérusalem | Un Pélerin d'Angkor | Aziyadé: Extrait des notes et lettres d'un lieutenant de la marine anglaise entré au  service de la Turquie le 10 mai 1876 tué dans les murs de Kars, le 27 octobre  1877. | Turquie agonisante | Madame Chrysanthème | Quelques aspects du vertige mondial | La chanson des vieux époux | Le roman d'un enfant | La Hyène Enragée | Le livre de la pitié et de la mort | Les derniers jours de Pékin",true
Paul Bourget,Bourget,literary,fr,19c_20c,gutenberg_targeted_2026_07,Project Gutenberg,work,3,French originals only,14,44161|16815|23616|54002|77617|55072|26489|37468|57429|30702|20964|38712|26891|44911,Un Coeur de femme | Physiologie de l'amour moderne | André Cornélis | La duchesse bleue | Le disciple | La dame qui a perdu son peintre | La terre promise | Pastels: dix portraits de femmes | Nouveaux Pastels (Dix portraits d'hommes) | Mensonges | Pauvre petite! | L'Écuyère | L'eau profonde; Les pas dans les pas | Cruelle Énigme,true
Villiers de l'Isle-Adam,Villiers de Isle Adam,literary,fr,19c,gutenberg_targeted_2026_07,Project Gutenberg,work,3,French originals only,9,26681|54387|62874|63285|17623|48518|17399|48781|37138,"L'Ève future | Histoires souveraines | Contes cruels | Nouveaux contes cruels et propos d'au delà | Le secret de l'échafaud | Chez les passants: fantaisies, pamphlets et souvenirs. Suivi de pages inédites | Tribulat Bonhomet | Histoires insolites | Isis: Roman",true
Jules Barbey d'Aurevilly,Barbey Aurevilly,literary,fr,19c,gutenberg_targeted_2026_07,Project Gutenberg,work,3,French originals only,5,13848|64674|63634|40694|38316,Les diaboliques | L'ensorcelée | L'Amour impossible; La bague d'Annibal | Philosophes et Écrivains Religieux | Le Chevalier des Touches,true
Edmond About,About Edmond,literary,fr,19c,gutenberg_targeted_2026_07,Project Gutenberg,work,3,French originals only,13,22813|63267|66927|63979|69794|63951|64202|18092|13704|72773|51709|65546|63937,"La Mère de la Marquise | Dernières lettres d'un bon jeune homme à sa cousine Madeleine | Lettres d'un bon jeune homme à sa cousine Madeleine | L'infâme | De Pontoise à Stamboul | Les mariages de province: La fille du chanoine, Mainfroi, L'album du régiment, Étienne. | Les mariages de Paris | Germaine | L'homme à l'oreille cassée | Le roi des montagnes | Le nez d'un notaire | Le Turco | Tolla",true
Marcel Schwob,Schwob,literary,fr,19c,gutenberg_targeted_2026_07,Project Gutenberg,work,3,French originals only,7,49761|49712|55259|49943|53374|63296|62393,"Le Roi au Masque d'Or | Vies imaginaires | La porte des rêves | Spicilège | Le livre de Monelle | Oeuvres de Marcel Schwob. Volume 2 of 2, La lampe de Psyché; Il libro della mia memoria | Oeuvres de Marcel Schwob. Volume 1 of 2, Spicilège",true
Jean Lorrain,Lorrain Jean,literary,fr,19c_20c,gutenberg_targeted_2026_07,Project Gutenberg,work,3,French originals only,10,61270|63726|41413|63303|59992|52919|72931|61675|64423|71555,"Poussières de Paris | Pelléastres. Le poison de la littérature. Crimes de Montmartre et d'ailleurs. Une aventure. | Monsieur de Phocas, Astarté: Roman | Le crime des riches | La mandragore | Âmes d'automne | Heures d'Afrique | Ellen | L'école des vieilles femmes | Heures de Corse",true
Octave Feuillet,Feuillet,literary,fr,19c,gutenberg_targeted_2026_07,Project Gutenberg,work,3,French originals only,6,26815|31817|26816|26821|26824|26817,Le roman d'un jeune homme pauvre (Novel) | Monsieur de Camors — Complet | Le roman d'un jeune homme pauvre (Play) | La petite comtesse | Histoire de Sibylle | Julia de Trécoeur,true
Gustav Freytag,Freytag,literary,de,19c,gutenberg_targeted_2026_07,Project Gutenberg,work,3,German originals only,3,50616|52330|51151,"Die Technik des Dramas | Soll und Haben, Bd. 1 (2): Roman in sechs Büchern | Das Nest der Zaunkönige: Erzählung aus dem Anfang des 11. Jahrhunderts",true
Wilhelm Raabe,Raabe,literary,de,19c,gutenberg_targeted_2026_07,Project Gutenberg,work,3,German originals only,11,50444|50445|22123|19795|22635|47268|46411|46561|35603|32008|44639,"Höxter und Corvey: Erzählung | Die Innerste: Erzählung | Zum wilden Mann | Die schwarze Galeere | Die Postgeheimnisse: oder die hauptsächlichsten Regeln welche man beim Reisen und bei Versendungen mit der Post beobachten muß um Verdruß und Verlust zu vermeiden | Alte Nester: Zwei Bücher Lebensgeschichten | Die Chronik der Sperlingsgasse | Keltische Knochen/Gedelöcke: Erzählungen | Meister Autor; oder, die Geschichten vom versunkenen Garten | Deutscher Mondschein | Der Junker von Denow; Ein Geheimnis; Ein Besuch; Auf dem Altenteil: Erzählungen",true
Wilhelm Hauff,Hauff,literary,de,19c,gutenberg_targeted_2026_07,Project Gutenberg,work,3,German originals only,14,6638|6726|6639|60873|60647|6640|61539|61957|61098|13451|60699|6892|13452|6725,"Märchen-Almanach auf das Jahr 1826 | Lichtenstein | Märchen-Almanach auf das Jahr 1827 | Wilhelm Hauffs sämtliche Werke in sechs Bänden. Bd. 3 | Wilhelm Hauffs sämtliche Werke in sechs Bänden. Bd. 1 | Märchen-Almanach auf das Jahr 1828 | Wilhelm Hauffs sämtliche Werke in sechs Bänden. Bd. 5 | Wilhelm Hauffs sämtliche Werke in sechs Bänden. Bd. 6 | Wilhelm Hauffs sämtliche Werke in sechs Bänden. Bd. 4 | Der Mann im Mond: Oder der Zug des Herzens ist des Schicksals Stimme, nebst der Kontrovers-Predigt über H. Clauren und den Mann im Mond | Wilhelm Hauffs sämtliche Werke in sechs Bänden. Bd. 2 | Mitteilungen aus den Memoiren des Satan | Kontrovers-Predigt über H. Clauren und den Mann im Mond: Gehalten vor dem deutschen Publikum in der Herbstmesse 1827 | Othello",true
Paul Heyse,Heyse,literary,de,19c_20c,gutenberg_targeted_2026_07,Project Gutenberg,work,3,German originals only,11,9085|50861|9059|9066|9064|9065|9086|7858|9083|9099|9084,Das Mädchen von Treppi | Der Jungbrunnen: Neue Märchen von einem fahrenden Schüler | Andrea Delfin: Eine venezianische Novelle | Der letzte Zentaur | Gedichte | Beatrice | Die Witwe von Pisa | L'Arrabbiata | Die Einsamen | Der Weinhüter | Ein Ring,true
Ricarda Huch,Huch Ricarda,literary,de,19c_20c,gutenberg_targeted_2026_07,Project Gutenberg,work,3,German originals only,8,27446|31658|17169|55578|33827|31150|31834|39430,Der Hahn von Quakenbrück und andere Novellen | Liebesgedichte | Der Fall Deruga | Der letzte Sommer: Eine Erzählung in Briefen | Das Judengrab; Aus Bimbos Seelenwanderungen: Zwei Erzählungen | Gottfried Keller | Lebenslauf des heiligen Wonnebald Pück: Eine Erzählung | Luthers Glaube: Briefe an einen Freund,true
Jakob Wassermann,Wassermann,literary,de,19c_20c,gutenberg_targeted_2026_07,Project Gutenberg,work,3,German originals only,20,26402|25721|77490|21535|26444|18258|18552|18551|32100|19611|17007|15736|20413|17413|17143|21860|36918|15952|19940|76567,"Engelhart Ratgeber: Roman | Caspar Hauser; oder, Die Trägheit des Herzens, Roman | Die Juden von Zirndorf : $b Roman | Die Schwestern: Drei Novellen | Schläfst du Mutter?; Ruth. Novellen | Deutsche Charaktere und Begebenheiten | Der Wendekreis - Zweite Folge : Oberlins drei Stufen, Sturreganz | Der Wendekreis - Erste Folge: Novellen | Melusine: Ein Liebesroman | Der goldene Spiegel: Erzählungen in einem Rahmen | Imaginäre Brücken: Studien und Aufsätze | Der Mann von vierzig Jahren | Der Moloch | Mein Weg als Deutscher und Jude | Der niegeküßte Mund: Drei Erzählungen | Olivia oder Die unsichtbare Lampe | Die Schaffnerin; Die Mächtigen: Novellen | Die Prinzessin Girnara: Weltspiel und Legende | Die ungleichen Schalen: Fünf einaktige Dramen | Die Masken Erwin Reiners : $b Roman",true
Gustav Meyrink,Meyrink,literary,de,19c_20c,gutenberg_targeted_2026_07,Project Gutenberg,work,3,German originals only,5,51476|69604|31164|45936|32014,"Der Golem | Die heimtückischen Champignons: und andere Geschichten | Der violette Tod, und andere Novellen | Das grüne Gesicht: Ein Roman | Fledermäuse: Sieben Geschichten",true
Heinrich Mann,Mann Heinrich,literary,de,20c,gutenberg_targeted_2026_07,Project Gutenberg,work,3,German originals only,11,38126|35264|45123|43335|44174|31218|46157|33328|45635|33329|46987,"Der Untertan | Professor Unrat, oder, Das Ende eines Tyrannen | Zwischen den Rassen: Roman | Die Ehrgeizige: Novelle | Die kleine Stadt: Roman | Flöten und Dolche: Novellen | Die Tote und andere Novellen | Flaubert und die Herkunft des modernen Romans | Mnais und Ginevra | Der Vater | Die Armen: Ein Roman",true
Ludwig Ganghofer,Ganghofer,literary,de,19c_20c,gutenberg_targeted_2026_07,Project Gutenberg,work,3,German originals only,7,64414|47341|58219|48618|44961|77988|48587,"Der Jäger von Fall : $b Hochlandsroman | Das Schweigen im Walde: Roman | Das große Jagen | Der Klosterjaeger: Roman aus dem XIV. Jahrhundert | Reise zur deutschen Front, 1915 | Der laufende Berg : $b Hochlandsroman | Die stählerne Mauer: Reise zur deutschen Front, 1915, Zweiter Teil",true
Clara Viebig,Viebig,literary,de,19c_20c,gutenberg_targeted_2026_07,Project Gutenberg,work,3,German originals only,4,74895|55565|74557|74386,Die Wacht am Rhein : $b Roman | Das Weiberdorf | Das Kreuz im Venn : $b Roman | Einer Mutter Sohn,true
Karl May,May Karl,literary,de,19c_20c,gutenberg_targeted_2026_07,Project Gutenberg,work,3,German originals only,4,21798|76382|2779|29336,"Winnetou I | Durchs wilde Kurdistan | Mein Leben und Streben | Durch Wüste und Harem: Gesammelte Reiseromane, Band I",true
Marie von Ebner-Eschenbach,Ebner-Eschenbach,literary,de,19c_20c,gutenberg_targeted_2026_07,Project Gutenberg,work,3,German originals only,4,78490|40012|77889|31233,"Gesammelte Schriften von Marie von Ebner-Eschenbach (3/10) : $b Dritter Band: Erzählungen. Erster Band. | Ein Buch, das gern ein Volksbuch werden möchte | Gesammelte Schriften von Marie von Ebner-Eschenbach (1/10) : $b Erster Band: Aphorismen. Parabeln, Märchen und Gedichte. | Rittmeister Brand; Bertram Vogelweid: Zwei Erzählungen",true
Hermann Sudermann,Sudermann,literary,de,19c_20c,gutenberg_targeted_2026_07,Project Gutenberg,work,3,German originals only,4,62132|63946|60293|24174,Stein unter Steinen: Schauspiel in vier Akten | Litauische Geschichten | An geöffneter Tür | Am Glück vorbei,true
Jose Maria de Pereda,Pereda,literary,es,19c,gutenberg_targeted_2026_07,Project Gutenberg,work,3,Spanish originals only,16,12627|23957|14995|74981|55058|53429|71369|54228|63922|24127|49388|25812|72768|75382|65158|71966,"Escenas Montañesas | Al primer vuelo | Los Hombres de Pro | Pedro Sánchez | La Puchera | El sabor de la tierruca | Tipos y paisajes | El buey suelto... Cuadros edificantes de la vida de un solterón | De tal palo, tal astilla | Peñas arriba | Sotileza | La Montálvez | Bocetos al temple. Tipos trashumantes : $b Obras completas - Vol. VIII | Pachín González | Tipos trashumantes: cróquis á pluma | Esbozos y rasguños",true
Concha Espina,Espina Concha,literary,es,19c_20c,gutenberg_targeted_2026_07,Project Gutenberg,work,3,Spanish originals only,7,48081|51724|47388|48954|11657|44529|42456,Ruecas de Marfil (Novelas) | La Esfinge Maragata: Novela | Agua de Nieve (Novela) | Despertar Para Morir (Novela) | La Niña de Luzmela | Dulce Nombre (Novela) | El Jayón: Drama en tres actos,true
Eduardo Zamacois,Zamacois,literary,es,19c_20c,gutenberg_targeted_2026_07,Project Gutenberg,work,3,Spanish originals only,10,75004|62840|53743|50757|51721|48302|24031|48654|45171|48670,"La opinión ajena : $b (novela) | Memorias de un vagón de ferrocarril | El misterio de un hombre pequeñito: novela | La cita: novelas | De carne y hueso; cuentos | La enferma: novela | El teatro por dentro: Autores, comediantes, escenas de la vida de bastidores, etc. | Incesto: novela original | Mis contemporaneos; 1 Vicente Blasco Ibáñez | Teatro galante",true
Matilde Serao,Serao,literary,it,19c_20c,gutenberg_targeted_2026_07,Project Gutenberg,work,3,Italian originals only,14,21423|42416|19060|62721|39541|49902|42316|64736|19887|46999|17909|27156|41473|42237,L'infedele | Piccole anime | Gli amanti: pastelli | Sognando | Donna Paola | Piccolo romanzo | La conquista di Roma | Saper vivere: Norme di buona creanza | Dal vero | Suor Giovanna della Croce: romanzo | Le Amanti | Fior di passione | Vita e avventure di Riccardo Joanna: romanzo | Cristina,true
Luigi Capuana,Capuana,literary,it,19c_20c,gutenberg_targeted_2026_07,Project Gutenberg,work,3,Italian originals only,15,70430|42610|42698|7267|7459|49759|71151|36109|49963|28325|42608|27359|42643|42505|29874,"Studi sulla letteratura contemporanea : $b Prima serie | Come l'onda... Novelle | Eh! la vita....: Novelle | Cardello | Il Benefattore | Spiritismo? | Studii sulla letteratura contemporanea : $b Seconda serie | Cronache Letterarie | I Paralipomeni del Lucifero di Mario Rapisardi | Gli 'ismi' contemporanei: (Verismo, Simbolismo, Idealismo, Cosmopolitanismo) ed altri saggi di critica letteraria ed artistica | Nuove ""Paesane"" | Rassegnazione: Romanzo | Il nemico è in noi | Fausto Bragia, e altre novelle | Delitto ideale",true
Federico De Roberto,De Roberto,literary,it,19c_20c,gutenberg_targeted_2026_07,Project Gutenberg,work,3,Italian originals only,16,25182|32441|48400|40377|53223|39289|41551|48131|49807|48206|32193|38218|38204|27369|25614|42928,Documenti Umani | Il colore del tempo | L'Illusione | Infedele: Commedia in tre atti | Leopardi | Gli amori | Catania | L'Arte | La sorte | Al rombo del cannone | La messa di nozze; Un sogno; La bella morte | La fine dell'amore | Tragedie dell'anima | Spasimo | Ermanno Raeli | Uno degli onesti: Commedia in un atto,true
Alfredo Panzini,Panzini,literary,it,19c_20c,gutenberg_targeted_2026_07,Project Gutenberg,work,3,Italian originals only,15,39506|42294|39389|65586|49310|42373|42271|42418|47041|42347|42335|41342|41257|49231|38140,"Io cerco moglie! Romanzo | Il 1859 da Plombières a Villafranca | Il mondo è rotondo: romanzo | Santippe: Piccolo romanzo fra l'antico e il moderno | La lanterna di Diogene | Gli ingenui | La Madonna di Mamà: Romanzo del tempo della guerra | Donne, madonne e bimbi | Trionfi di donna (novelle) | Viaggio di un povero letterato | Novelle d'ambo i sessi | Piccole storie del mondo grande | L'evoluzione di Giosuè Carducci | Il romanzo della guerra nell'anno 1914 | Che cosa è l'amore?",true
Salvatore Farina,Farina Salvatore,literary,it,19c_20c,gutenberg_targeted_2026_07,Project Gutenberg,work,3,Italian originals only,17,70997|61975|64810|67850|64106|61849|70053|61323|61322|27159|17896|67941|74389|19437|70792|73553|19884,"Amore ha cent'occhi | Frutti proibiti | Mio figlio! | I due Desiderii | Il tesoro di Donnina | Dalla spuma del mare | Capelli biondi : $b romanzo | Un segreto, vol. 2 | Un segreto, vol. 1 | Due amori | Carta bollata | Il Numero 13: Racconto: Prefazione: Come si scrive un romanzo? | Il signor Io | Amore bendato | Pe' belli occhi della gloria : $b Scene quasi vere | Fra le corde d'un contrabasso : $b racconto | Fante di picche",true
Emilio Salgari,Salgari,literary,it,19c_20c,gutenberg_targeted_2026_07,Project Gutenberg,work,3,Italian originals only,11,25180|61209|70993|77094|64062|75712|76147|58415|73336|74341|73796,La favorita del Mahdi | I Robinson italiani | L'Uomo di Fuoco | La Costa d'Avorio | Le Aquile della Steppa: Romanzo | Un dramma nell'Oceano Pacifico | Il tesoro del Presidente del Paraguay | Una sfida al Polo | La Città dell'Oro : $b racconto | Al polo australe in velocipede | I pescatori di trepang,true
Annie Vivanti,Vivanti,literary,it,19c_20c,gutenberg_targeted_2026_07,Project Gutenberg,work,3,Italian originals only,8,38259|34983|46874|60336|43115|49133|58615|39793,Vae victis! Romanzo | I divoratori: romanzo | Naja tripudians | L'invasore: dramma in tre atti | ...Sorella di Messalina: Romanzo | Le bocche inutili: dramma in tre atti | Lirica | Gioia!,true
Sibilla Aleramo,Aleramo,literary,it,19c_20c,gutenberg_targeted_2026_07,Project Gutenberg,work,3,Italian originals only,4,47786|53208|49626|51587,Una Donna | Momenti: Liriche | Il passaggio: Romanzo | Trasfigurazione: Novella,true
